index,assay_tax_id,assay_with_same_target,confidence_score,src_id
assay_tax_id,1.0,0.0025884177698391963,,-0.0007123327018343467
assay_with_same_target,0.0025884177698391963,1.0,,-0.004000061467494832
confidence_score,,,,
src_id,-0.0007123327018343467,-0.004000061467494832,,1.0
