index,activity_chembl_id,record_id,activity_id,standard_value,pchembl_value,potential_duplicate,document_year,src_id,standard_flag,target_tax_id,value
activity_chembl_id,1.0,0.9939553008200277,1.0,0.010222650330974779,0.5790107707603586,0.3795650296337326,0.6389628113749186,0.26325379977798485,,0.2632537997779855,0.4315638186081883
record_id,0.9939553008200277,1.0,0.9939553008200277,-0.05553033194197298,0.638124316768619,0.3972290014733811,0.7194538749732562,0.15574973090270602,,0.15574973090270666,0.4046041239073055
activity_id,1.0,0.9939553008200277,1.0,0.010222650330974779,0.5790107707603586,0.3795650296337326,0.6389628113749186,0.26325379977798485,,0.2632537997779855,0.4315638186081883
standard_value,0.010222650330974779,-0.05553033194197298,0.010222650330974779,1.0,-0.6727263400137212,-0.10520001003456786,-0.4528621489239247,0.5801815277528062,,0.5801815277528064,0.5936447054840097
pchembl_value,0.5790107707603586,0.638124316768619,0.5790107707603586,-0.6727263400137212,1.0,0.32886859239429056,0.8052962644045083,-0.39794942461242333,,-0.3979494246124229,-0.22089239511991493
potential_duplicate,0.3795650296337326,0.3972290014733811,0.3795650296337326,-0.10520001003456786,0.32886859239429056,1.0,0.38227450437941424,-0.07559289460184543,,-0.07559289460184472,-0.002277277030125682
document_year,0.6389628113749186,0.7194538749732562,0.6389628113749186,-0.4528621489239247,0.8052962644045083,0.38227450437941424,1.0,-0.5729624442466215,,-0.5729624442466208,0.10561765352190768
src_id,0.26325379977798485,0.15574973090270602,0.26325379977798485,0.5801815277528062,-0.39794942461242333,-0.07559289460184543,-0.5729624442466215,1.0,,1.0,0.3276732186534897
standard_flag,,,,,,,,,,,
target_tax_id,0.2632537997779855,0.15574973090270666,0.2632537997779855,0.5801815277528064,-0.3979494246124229,-0.07559289460184472,-0.5729624442466208,1.0,,1.0,0.32767321865349003
value,0.4315638186081883,0.4046041239073055,0.4315638186081883,0.5936447054840097,-0.22089239511991493,-0.002277277030125682,0.10561765352190768,0.3276732186534897,,0.32767321865349003,1.0
