index,activity_chembl_id,record_id,activity_id,standard_value,pchembl_value,potential_duplicate,document_year,src_id,standard_flag,target_tax_id,value
activity_chembl_id,1.0,0.7581257993998936,1.0,-0.01825021233785343,0.023628050507984416,-0.11846377346942233,0.6920132071145908,,,-0.4242237305964479,-0.012058403418380242
record_id,0.7581257993998936,1.0,0.7581257993998937,-0.050833036894642115,0.03931215901779213,-0.07482916156905779,0.6639320314199233,,,-0.4650163101521537,-0.052800492069468075
activity_id,1.0,0.7581257993998937,1.0,-0.01825021233785343,0.023628050507984416,-0.11846377346942233,0.6920132071145908,,,-0.4242237305964479,-0.012058403418380242
standard_value,-0.01825021233785343,-0.050833036894642115,-0.01825021233785343,1.0,-0.3597281834582766,-0.02296543996251645,-0.08789202815510236,,,0.02235831097448953,0.9817862514695391
pchembl_value,0.023628050507984416,0.03931215901779213,0.023628050507984416,-0.3597281834582766,1.0,0.0024347175470097,0.05338028782699121,,,0.004365569753306642,-0.3298238669322037
potential_duplicate,-0.11846377346942233,-0.07482916156905779,-0.11846377346942233,-0.02296543996251645,0.0024347175470097,1.0,-0.06207635880277442,,,0.09878815812798455,-0.02508300682985913
document_year,0.6920132071145908,0.6639320314199233,0.6920132071145908,-0.08789202815510236,0.05338028782699121,-0.06207635880277442,1.0,,,-0.5177129184635381,-0.0828734297652696
src_id,,,,,,,,,,,
standard_flag,,,,,,,,,,,
target_tax_id,-0.4242237305964479,-0.4650163101521537,-0.4242237305964479,0.02235831097448953,0.004365569753306642,0.09878815812798455,-0.5177129184635381,,,1.0,0.015893686034689398
value,-0.012058403418380242,-0.052800492069468075,-0.012058403418380242,0.9817862514695391,-0.3298238669322037,-0.02508300682985913,-0.0828734297652696,,,0.015893686034689398,1.0
